4151	https://www.nikkei.com/nkd/company/?scode=4151	医薬品	3180	協和キリン（株）	236000	8845764	42.7	3857	17172.0	540000000	〒100-0004	東京都千代田区大手町１－９－２	https://www.kyowakirin.co.jp/	1,371.90
4502	https://www.nikkei.com/nkd/company/?scode=4502	医薬品	3932	武田薬品工業（株）	240000	10766000	42	4966	62214.590007	1582263225	〒540-8645	大阪市中央区道修町４－１－１	http://www.takeda.co.jp/	3,665.61
4503	https://www.nikkei.com/nkd/company/?scode=4503	医薬品	2144.0	アステラス製薬（株）	230000	10514375	43	4647	39360.657768	1835851575	〒103-8411	東京都中央区日本橋本町２－５－１	http://www.astellas.com/jp/	799.26
4506	https://www.nikkei.com/nkd/company/?scode=4506	医薬品	1108	住友ファーマ（株）	230000	8966757	43.1	3067	4408.73370632	397900154	〒541-0045	大阪市中央区道修町２－６－８	https://www.sumitomo-pharma.co.jp/	1,530.08
4507	https://www.nikkei.com/nkd/company/?scode=4507	医薬品	7010	塩野義製薬（株）	245000	9028578	41.2	2589	21842.1901665	311586165	〒541-0045	大阪市中央区道修町３－１－８	http://www.shionogi.co.jp/	3,236.21
4519	https://www.nikkei.com/nkd/company/?scode=4519	医薬品	3664	中外製薬（株）	240000	11558455	43.3	5044	61520.67291888	1679057667	〒103-8324	東京都中央区日本橋室町２－１－１	http://www.chugai-pharm.co.jp/	722.50
4523	https://www.nikkei.com/nkd/company/?scode=4523	医薬品	6153	エーザイ（株）	250000	10424202	43.9	3005	18247.76437197	296566949	〒112-8088	東京都文京区小石川４－６－１０	http://www.eisai.co.jp/	2,611.82
4568	https://www.nikkei.com/nkd/company/?scode=4568	医薬品	3521	第一三共（株）	230000	11168555	44.4	5703	68555.06816109	1947034029	〒103-8426	東京都中央区日本橋本町３－５－１	http://www.daiichisankyo.co.jp/	704.76
4578	https://www.nikkei.com/nkd/company/?scode=4578	医薬品	5000	大塚ホールディングス（株）		10445476	43.8	137	27891.78085	557835617	〒108-8241	東京都港区港南２－１６－４	http://www.otsuka.com/jp/	3,707.64
6479	https://www.nikkei.com/nkd/company/?scode=6479	電気機器	2315	ミネベアミツミ（株）	224000	6891000	44.7	4412	9886.9160289	427080606	〒108-8330	東京都港区三田３－９－６	http://www.minebeamitsumi.com/	1,326.15
6501	https://www.nikkei.com/nkd/company/?scode=6501	電気機器	6437	（株）日立製作所	227000	8902877	42.6	29850	62346.97172249	968571877	〒100-8280	東京都千代田区丸の内１－６－６	http://www.hitachi.co.jp/	4,488.91
6503	https://www.nikkei.com/nkd/company/?scode=6503	電気機器	1457.0	三菱電機（株）	217000	7963544	40.7	36162	31284.72659807	2147201551	〒100-8310	東京都千代田区丸の内２－７－３	http://www.mitsubishielectric.co.jp/	1,409.08
6504	https://www.nikkei.com/nkd/company/?scode=6504	電気機器	5400	富士電機（株）	225000	7497276	44.8	10513	8062.037514	149296991	〒141-0032	東京都品川区大崎１－１１－２	http://www.fujielectric.co.jp/	3,310.80
6506	https://www.nikkei.com/nkd/company/?scode=6506	電気機器	4490	（株）安川電機	217000	7877679	42.2	3313	11974.4033153	266690497	〒806-0004	北九州市八幡西区黒崎城石２－１	http://www.yaskawa.co.jp/	1,114.08
6645	https://www.nikkei.com/nkd/company/?scode=6645	電気機器	6969	オムロン（株）	227000	8036000	45	4829	14373.20512968	206244872	〒600-8530	京都市下京区塩小路通堀川東入南不動堂町８０１	http://www.omron.co.jp/	3,339.64
6674	https://www.nikkei.com/nkd/company/?scode=6674	電気機器	2200	（株）ジーエス・ユアサ　コーポレーション	221260	8568538	55	11	1773.187724	80599442	〒601-8520	京都市南区吉祥院西ノ庄猪之馬場町１	http://www.gs-yuasa.com/	2,675.70
6701	https://www.nikkei.com/nkd/company/?scode=6701	電気機器	5510	日本電気（株）	227000	8294708	43.7	20589	15034.0274513	272849863	〒108-8001	東京都港区芝５－７－１	http://www.nec.co.jp/	5,555.04
6702	https://www.nikkei.com/nkd/company/?scode=6702	電気機器	18010	富士通（株）	230000	8651494	43.8	32026	37281.0279621	207001821	〒105-7123	東京都港区東新橋１－５－２	http://jp.fujitsu.com/	8,094.70
6703	https://www.nikkei.com/nkd/company/?scode=6703	電気機器	740	沖電気工業（株）	225000	7346563	44.6	4395	645.4102548	87217602	〒105-8460	東京都港区虎ノ門１－７－１２	http://www.oki.com/jp/	1,240.62
6724	https://www.nikkei.com/nkd/company/?scode=6724	電気機器	1921	セイコーエプソン（株）	230000	7120000	44	12676	7676.98408538	399634778	〒392-8502	長野県諏訪市大和３－３－５	http://www.epson.jp/	1,923.68
6752	https://www.nikkei.com/nkd/company/?scode=6752	電気機器	1118.0	パナソニック　ホールディングス（株）	219000	7439769	45.8	59006	27434.22520046	2453866297	〒571-8501	大阪府門真市大字門真１００６	https://holdings.panasonic/jp/	1,356.08
6753	https://www.nikkei.com/nkd/company/?scode=6753	電気機器	1052	シャープ（株）	231500	7432000	45.7	6419	6842.27677976	650406538	〒590-8522	堺市堺区匠町１	http://www.sharp.co.jp/	743.70
6758	https://www.nikkei.com/nkd/company/?scode=6758	電気機器	11225	ソニーグループ（株）	255000	10440010	42.2	2973	141556.42991725	1261081781	〒108-0075	東京都港区港南１－７－１	https://www.sony.com/ja/	5,775.63
6762	https://www.nikkei.com/nkd/company/?scode=6762	電気機器	3995	ＴＤＫ（株）	230000	7867849	43.5	5689	15531.44048115	388771977	〒103-6128	東京都中央区日本橋２－５－１	http://www.tdk.co.jp/	3,430.69
6770	https://www.nikkei.com/nkd/company/?scode=6770	電気機器	1306	アルプスアルパイン（株）	227000	5782213	42.9	7133	2863.815737	219281450	〒145-8501	東京都大田区雪谷大塚町１－７	https://www.alpsalpine.com/j/	1,879.42
6841	https://www.nikkei.com/nkd/company/?scode=6841	電気機器	2189	横河電機（株）	222500	8804205	45.2	2536	5880.1905239	268624510	〒180-8750	東京都武蔵野市中町２－９－３２	http://www.yokogawa.co.jp/	1,249.72
6857	https://www.nikkei.com/nkd/company/?scode=6857	電気機器	7150	（株）アドバンテスト	230000	9806606	46.1	2025	14267.2719475	199542265	〒100-0005	東京都千代田区丸の内１－６－２	http://www.advantest.co.jp/	1,551.72
6861	https://www.nikkei.com/nkd/company/?scode=6861	電気機器	49400	（株）キーエンス	220000	17517949	35.8	2607	120144.595896	243207684	〒533-8555	大阪市東淀川区東中島１－３－１４	http://www.keyence.co.jp/	8,962.26
6902	https://www.nikkei.com/nkd/company/?scode=6902	電気機器	7050	（株）デンソー	208000	7211044	43.8	46272	55550.1190455	787944951	〒448-8661	愛知県刈谷市昭和町１－１	http://www.denso.co.jp/	5,632.38
6952	https://www.nikkei.com/nkd/company/?scode=6952	電気機器	1249	カシオ計算機（株）	227000	8035000	46.8	2586	3110.27121586	249020914	〒151-8543	東京都渋谷区本町１－６－２	http://casio.jp/	909.00
6954	https://www.nikkei.com/nkd/company/?scode=6954	電気機器	21880	ファナック（株）	260950	10982000	40.2	4105	44177.7760636	201909397	〒401-0597	山梨県南都留郡忍野村忍草字古馬場３５８０	http://www.fanuc.co.jp/	8,006.53
6971	https://www.nikkei.com/nkd/company/?scode=6971	電気機器	6977	京セラ（株）	221000	6840910	41.1	19865	26346.4483266	377618580	〒612-8501	京都市伏見区竹田鳥羽殿町６	http://www.kyocera.co.jp/	8,000.97
6976	https://www.nikkei.com/nkd/company/?scode=6976	電気機器	4510	太陽誘電（株）	227050	7197000	42.5	2837	5872.8534931	130218481	〒104-0031	東京都中央区京橋２－７－１９	http://www.ty-top.com/	2,403.20
6981	https://www.nikkei.com/nkd/company/?scode=6981	電気機器	7529	（株）村田製作所	227000	7314000	40.1	9528	50882.05721649	675814281	〒617-8555	京都府長岡京市東神足１－１０－１	http://www.murata.co.jp/	3,537.80
7735	https://www.nikkei.com/nkd/company/?scode=7735	電気機器	8850	（株）ＳＣＲＥＥＮホールディングス	226300	8243000	43.1	410	4495.345641	50794866	〒602-8585	京都市上京区堀川通寺之内上ル４－天神北町１－１	http://www.screen.co.jp/	5,318.32
7751	https://www.nikkei.com/nkd/company/?scode=7751	電気機器	3091	キヤノン（株）	228000	7597287	44.9	25377	41226.62867224	1333763464	〒146-8501	東京都大田区下丸子３－３０－２	http://canon.jp/	2,748.36
7752	https://www.nikkei.com/nkd/company/?scode=7752	電気機器	1030	（株）リコー	232000	7827056	45.2	8022	6565.9222334	637468178	〒143-8555	東京都大田区中馬込１－３－６	http://www.ricoh.co.jp/	1,416.08
8035	https://www.nikkei.com/nkd/company/?scode=8035	電気機器	42820	東京エレクトロン（株）	274300	11790727	44.3	1670	67317.7120902	157210911	〒107-6325	東京都港区赤坂５－３－１	http://www.tel.co.jp	8,572.45
7201	https://www.nikkei.com/nkd/company/?scode=7201	自動車	499.8	日産自動車（株）	223000	7965467	41.6	22825	21095.134129776	4220715112	〒220-8686	横浜市西区高島１－１－１	http://www.nissan.co.jp/	1,170.17
7202	https://www.nikkei.com/nkd/company/?scode=7202	自動車	1439	いすゞ自動車（株）	216600	7593000	41.3	8149	11187.39137291	777442069	〒220-8720	横浜市西区高島１－２－５	http://www.isuzu.co.jp/	1,540.51
7203	https://www.nikkei.com/nkd/company/?scode=7203	自動車	2105.0	トヨタ自動車（株）		8583267	40	71373	343430.486033	16314987460	〒471-8571	愛知県豊田市トヨタ町１	http://www.toyota.co.jp/	1,904.88
7205	https://www.nikkei.com/nkd/company/?scode=7205	自動車	704	日野自動車（株）	214000	6200000	38.6	12784	4045.049184	574580850	〒191-8660	東京都日野市日野台３－１－１	http://www.hino.co.jp/	798.17
7211	https://www.nikkei.com/nkd/company/?scode=7211	自動車	429	三菱自動車工業（株）	210800	6520000	40.7	13951	6393.31190784	1490282496	〒108-8410	東京都港区芝浦３－１－２１	http://www.mitsubishi-motors.co.jp/	407.82
7261	https://www.nikkei.com/nkd/company/?scode=7261	自動車	1010	マツダ（株）	211000	6288000	41.5	22611	6381.2201879	631803979	〒730-8670	広島県安芸郡府中町新地３－１	http://www.mazda.co.jp/	2,065.74
7267	https://www.nikkei.com/nkd/company/?scode=7267	自動車	3207	本田技研工業（株）	222300	7989000	44.9	35781	58092.5097501	1811428430	〒107-8556	東京都港区南青山２－１－１	http://www.honda.co.jp/	6,122.31
7269	https://www.nikkei.com/nkd/company/?scode=7269	自動車	4261	スズキ（株）	212000	6652343	40.5	16073	20926.721203	491122300	〒432-8611	浜松市南区高塚町３００	http://www.suzuki.co.jp/	3,867.67
7270	https://www.nikkei.com/nkd/company/?scode=7270	自動車	2304.5	（株）ＳＵＢＡＲＵ	213000	6513152	38.9	16478	17725.657993285	769175873	〒150-8554	東京都渋谷区恵比寿１－２０－８	https://www.subaru.co.jp/	2,465.41
7272	https://www.nikkei.com/nkd/company/?scode=7272	自動車	2512	ヤマハ発動機（株）	214000	7260800	43.8	10154	8797.46277104	350217467	〒438-8501	静岡県磐田市新貝２５００	http://www.yamaha-motor.co.jp/	2,484.31
4543	https://www.nikkei.com/nkd/company/?scode=4543	精密機器	4214	テルモ（株）	227500	7441630	40.5	5247	32006.2166256	759521040	〒151-0072	東京都渋谷区幡ヶ谷２－４４－１	http://www.terumo.co.jp/	1,338.46
4902	https://www.nikkei.com/nkd/company/?scode=4902	精密機器	448	コニカミノルタ（株）	228550	7544632	45.9	4910	2251.93622976	502664337	〒100-7015	東京都千代田区丸の内２－７－２	http://konicaminolta.jp/	1,113.71
7731	https://www.nikkei.com/nkd/company/?scode=7731	精密機器	1410	（株）ニコン	239000	7386888	43.4	4183	5334.5449461	378336521	〒108-6290	東京都港区港南２－１５－３	http://www.nikon.co.jp/	1,627.34
7733	https://www.nikkei.com/nkd/company/?scode=7733	精密機器	2732.0	オリンパス（株）	226000	8693471	42.8	4775	35130.56944	1285892000	〒163-0914	東京都新宿区西新宿２－３－１	http://www.olympus.co.jp/	400.75
7762	https://www.nikkei.com/nkd/company/?scode=7762	精密機器	526	シチズン時計（株）	214600	5937377	43.8	866	1653.50103534	314353809	〒188-8511	東京都西東京市田無町６－１－１２	http://www.citizen.co.jp/	768.92
9432	https://www.nikkei.com/nkd/company/?scode=9432	通信	3847	日本電信電話（株）		9306877	41.8	2496	139338.82687632	3622012656	〒100-8116	東京都千代田区大手町１－５－１	https://group.ntt/jp/	2,338.73
9433	https://www.nikkei.com/nkd/company/?scode=9433	通信	4348	ＫＤＤＩ（株）	270000	9484602	42.8	11353	100185.726834	2304179550	〒102-8460	東京都千代田区飯田橋３－１０－１０	http://www.kddi.com/	2,249.27
9434	https://www.nikkei.com/nkd/company/?scode=9434	通信	1540.0	ソフトバンク（株）	247000	8207000	40.1	18173	73722.035618	4787145170	〒105-7529	東京都港区海岸１－７－１	https://www.softbank.jp/corp/	355.87
9613	https://www.nikkei.com/nkd/company/?scode=9613	通信	1953	（株）エヌ・ティ・ティ・データ		8416000	38.9	11955	27390.825	1402500000	〒135-6033	東京都江東区豊洲３－３－３	https://www.nttdata.com/jp/ja/	906.22
9984	https://www.nikkei.com/nkd/company/?scode=9984	通信	5388	ソフトバンクグループ（株）		14049675	40	241	92832.7469724	1722953730	〒105-7537	東京都港区海岸１－７－１	https://group.softbank/	5,755.92
7186	https://www.nikkei.com/nkd/company/?scode=7186	銀行	443	（株）コンコルディア・フィナンシャルグループ		12747000	45.4	8	5358.59916795	1209616065	〒103-0027	東京都中央区日本橋２－７－１	http://www.concordia-fg.jp	965.47
8304	https://www.nikkei.com/nkd/company/?scode=8304	銀行	2648	（株）あおぞら銀行	241600	8089000	43.3	1933	3132.30378864	118289418	〒102-8660	東京都千代田区麹町６－１－１	http://www.aozorabank.co.jp/	4,222.79
8306	https://www.nikkei.com/nkd/company/?scode=8306	銀行	713.7	（株）三菱ＵＦＪフィナンシャル・グループ	195000	10707000	41.1	2726	94793.59917144	13281995120	〒100-8330	東京都千代田区丸の内２－７－１	http://www.mufg.jp/	1,349.51
8308	https://www.nikkei.com/nkd/company/?scode=8308	銀行	492.4	（株）りそなホールディングス	205000	8712000	45.5	1153	11822.427322184	2400980366	〒135-8582	東京都江東区木場１－５－６５	http://www.resona-gr.co.jp/	1,025.01
8309	https://www.nikkei.com/nkd/company/?scode=8309	銀行	4173	三井住友トラスト・ホールディングス（株）	210000	12617000	51.5	184	15660.9117912	375291440	〒100-0005	東京都千代田区丸の内１－４－１	http://www.smth.jp/	7,249.70
8316	https://www.nikkei.com/nkd/company/?scode=8316	銀行	4004	（株）三井住友フィナンシャルグループ		11424000	40	1034	55029.45856408	1374362102	〒100-0005	東京都千代田区丸の内１－１－２	http://www.smfg.co.jp/	8,825.53
8331	https://www.nikkei.com/nkd/company/?scode=8331	銀行	716	（株）千葉銀行	205000	7402000	38.5	3905	5839.13098292	815521087	〒260-8720	千葉市中央区千葉港１－２	http://www.chibabank.co.jp/	1,436.74
8354	https://www.nikkei.com/nkd/company/?scode=8354	銀行	2309	（株）ふくおかフィナンシャルグループ		8396000	36.3	302	4413.38253885	191138265	〒810-8693	福岡市中央区大手門１－８－３	http://www.fukuoka-fg.com	4,949.87
8355	https://www.nikkei.com/nkd/company/?scode=8355	銀行	790	（株）静岡銀行	215000	7397000	38.9	2615	4701.5196451	595129069	〒424-8677	静岡市清水区草薙北２－１	http://www.shizuokabank.co.jp/	1,925.98
8411	https://www.nikkei.com/nkd/company/?scode=8411	銀行	1540.0	（株）みずほフィナンシャルグループ	205000	9934000	41.4	1949	39104.4483676	2539249894	〒100-8176	東京都千代田区大手町１－５－５	http://www.mizuho-fg.co.jp/	3,581.39
8253	https://www.nikkei.com/nkd/company/?scode=8253	その他金融	1537	（株）クレディセゾン	225000	5080507	41.6	4319	2850.28614564	185444772	〒170-6073	東京都豊島区東池袋３－１－１	http://www.saisoncard.co.jp/	3,598.22
8591	https://www.nikkei.com/nkd/company/?scode=8591	その他金融	2227.0	オリックス（株）	240000	8583327	43.2	2883	28021.83072749	1258277087	〒105-5135	東京都港区浜松町２－４－１	http://www.orix.co.jp/	2,732.88
8697	https://www.nikkei.com/nkd/company/?scode=8697	その他金融	2084.5	（株）日本取引所グループ	228200	10287741	45.3	206	11018.217602645	528578441	〒103-8224	東京都中央区日本橋兜町２－１	http://www.jpx.co.jp/	598.35
8601	https://www.nikkei.com/nkd/company/?scode=8601	証券	614.1	（株）大和証券グループ本社	255000	10071020	42.1	575	9637.555038852	1569378772	〒100-6751	東京都千代田区丸の内１－９－１	http://www.daiwa-grp.jp/	925.81
8604	https://www.nikkei.com/nkd/company/?scode=8604	証券	501.0	野村ホールディングス（株）	245000	14146131	43.8	154	16200.14863101	3233562601	〒100-0004	東京都千代田区大手町２－２－２	http://www.nomuraholdings.com/jp/investor/	965.80
8628	https://www.nikkei.com/nkd/company/?scode=8628	証券	802	松井証券（株）	270000	8497000	40.1	154	2079.30291004	259264702	〒102-8516	東京都千代田区麹町１－４	http://www.matsui.co.jp/	305.27
8630	https://www.nikkei.com/nkd/company/?scode=8630	保険	5953	ＳＯＭＰＯホールディングス（株）	243700	11090287	43.4	381	20698.50295617	347698689	〒160-8338	東京都新宿区西新宿１－２６－１	http://www.sompo-hd.com/	5,919.73
8725	https://www.nikkei.com/nkd/company/?scode=8725	保険	4250	ＭＳ＆ＡＤインシュアランスグループホールディングス（株）		10744848	47.8	423	25229.3978675	593632891	〒104-0033	東京都中央区新川２－２７－２	http://www.ms-ad-hd.com	5,955.21
8750	https://www.nikkei.com/nkd/company/?scode=8750	保険	2380.0	第一生命ホールディングス（株）	270470	9487000	41.8	726	24546.09906	1031348700	〒100-8411	東京都千代田区有楽町１－１３－１	http://www.dai-ichi-life-hd.com/	4,302.56
8766	https://www.nikkei.com/nkd/company/?scode=8766	保険	7992	東京海上ホールディングス（株）	228670	12926734	43.7	811	54345.6	680000000	〒100-0005	東京都千代田区丸の内１－２－１	http://www.tokiomarinehd.com/	5,932.05
8795	https://www.nikkei.com/nkd/company/?scode=8795	保険	1567	（株）Ｔ＆Ｄホールディングス		10470000	46.1	118	9229.63	589000000	〒103-6031	東京都中央区日本橋２－７－１	http://www.td-holdings.co.jp/	2,461.66
1332	https://www.nikkei.com/nkd/company/?scode=1332	水産	575	日本水産（株）	212300	8005060	42.7	1247	1796.47409275	312430277	〒105-8676	東京都港区西新橋１－３－１	http://www.nissui.co.jp/	609.82
1333	https://www.nikkei.com/nkd/company/?scode=1333	水産	2514	マルハニチロ（株）	238000	6975720	41.6	1661	1323.7947174	52656910	〒135-8608	東京都江東区豊洲３－２－２０	http://www.maruha-nichiro.co.jp/	3,043.95
2002	https://www.nikkei.com/nkd/company/?scode=2002	食品	1647	（株）日清製粉グループ本社	219000	8796178	42.1	355	5012.77446477	304357891	〒101-8441	東京都千代田区神田錦町１－２５	http://www.nisshin.com/	1,510.35
2269	https://www.nikkei.com/nkd/company/?scode=2269	食品	7110	明治ホールディングス（株）		9989000	44.1	66	10549.07145	148369500	〒104-0031	東京都中央区京橋２－４－１６	http://www.meiji.com	4,781.52
2282	https://www.nikkei.com/nkd/company/?scode=2282	食品	4355	日本ハム（株）	231000	8398034	40.3	1314	4483.8602692	102958904	〒530-0001	大阪市北区梅田２－４－９	http://www.nipponham.co.jp/	4,681.82
2501	https://www.nikkei.com/nkd/company/?scode=2501	食品	2939	サッポロホールディングス（株）	215000	8358000	47.4	116	2315.76441822	78794298	〒150-8522	東京都渋谷区恵比寿４－２０－１	http://www.sapporoholdings.jp/	2,086.96
2502	https://www.nikkei.com/nkd/company/?scode=2502	食品	4495	アサヒグループホールディングス（株）	232000	11146637	46.2	336	22789.8011219	507003362	〒130-8602	東京都墨田区吾妻橋１－２３－１	http://www.asahigroup-holdings.com/	3,467.47
2503	https://www.nikkei.com/nkd/company/?scode=2503	食品	2211.0	キリンホールディングス（株）	232000	8709533	42.7	1156	20208.54	914000000	〒164-0001	東京都中野区中野４－１０－２	http://www.kirinholdings.co.jp/	1,072.69
2531	https://www.nikkei.com/nkd/company/?scode=2531	食品	1019	宝ホールディングス（株）	219590	7190000	48.7	184	2034.94038117	199699743	〒600-8688	京都市下京区四条通烏丸東入長刀鉾町２０	http://www.takara.co.jp/	912.58
2801	https://www.nikkei.com/nkd/company/?scode=2801	食品	7810	キッコーマン（株）	219000	7769951	43.6	506	15142.2780762	193883202	〒278-8601	千葉県野田市野田２５０	http://www.kikkoman.co.jp/	1,868.13
2802	https://www.nikkei.com/nkd/company/?scode=2802	食品	3507	味の素（株）	234000	9971519	44.1	3184	18832.45862778	536996254	〒104-8315	東京都中央区京橋１－１５－１	http://www.ajinomoto.co.jp/	1,280.50
2871	https://www.nikkei.com/nkd/company/?scode=2871	食品	2443	（株）ニチレイ	210000	7025321	45.1	198	3273.81043185	134007795	〒104-8402	東京都中央区築地６－１９－２０	http://www.nichirei.co.jp/	1,630.84
2914	https://www.nikkei.com/nkd/company/?scode=2914	食品	2355.0	日本たばこ産業（株）	208000	8978793	43.4	7154	47100.0	2000000000	〒105-6927	東京都港区虎ノ門４－１－１	http://www.jti.co.jp/	1,583.10
3086	https://www.nikkei.com/nkd/company/?scode=3086	小売業	1030	Ｊ．フロント　リテイリング（株）	211000	7089444	46.4	138	2786.8273692	270565764	〒103-0027	東京都中央区日本橋１－４－１	http://www.j-front-retailing.com/index.php	1,337.29
3099	https://www.nikkei.com/nkd/company/?scode=3099	小売業	986	（株）三越伊勢丹ホールディングス	225000	7852642	46.5	493	3911.94665844	396749154	〒160-0023	東京都新宿区西新宿３－２－５	http://www.imhds.co.jp	1,341.41
3382	https://www.nikkei.com/nkd/company/?scode=3382	小売業	5360	（株）セブン＆アイ・ホールディングス		7388979	42.7	969	47513.2902888	886441983	〒102-8452	東京都千代田区二番町８－８	http://www.7andi.com/	3,375.50
8233	https://www.nikkei.com/nkd/company/?scode=8233	小売業	1341	（株）高島屋	225000	6868000	48.1	4298	2383.75464021	177759481	〒542-8510	大阪市中央区難波５－１－５	http://www.takashimaya.co.jp/	2,390.47
8252	https://www.nikkei.com/nkd/company/?scode=8252	小売業	2269	（株）丸井グループ	249000	6301900	39.2	373	4734.50486173	208660417	〒164-8701	東京都中野区中野４－３－２	http://www.0101.co.jp/	1,307.04
8267	https://www.nikkei.com/nkd/company/?scode=8267	小売業	2650.0	イオン（株）		8561973	49.7	433	23106.001158	871924572	〒261-8515	千葉市美浜区中瀬１－５－１	http://www.aeon.info/	1,130.76
9983	https://www.nikkei.com/nkd/company/?scode=9983	小売業	68000	（株）ファーストリテイリング		9637000	37.6	1617	72130.08608	106073656	〒754-0894	山口市佐山１０７１７－１	http://www.fastretailing.com/	10,930.42
2413	https://www.nikkei.com/nkd/company/?scode=2413	サービス	4246	エムスリー（株）		8705000	34.5	554	28826.70967	678914500	〒107-0052	東京都港区赤坂１－１１－４４	http://corporate.m3.com/	378.75
2432	https://www.nikkei.com/nkd/company/?scode=2432	サービス	1880	（株）ディー・エヌ・エー	5000000	8218000	36.1	1251	2447.965766	130210945	〒150-6140	東京都渋谷区渋谷２－２４－１２	https://dena.com/jp/	2,024.39
3659	https://www.nikkei.com/nkd/company/?scode=3659	サービス	2896	（株）ネクソン		6511000	37.7	270	26115.06047648	901763138	〒106-0032	東京都港区六本木１－４－５	http://company.nexon.co.jp/	939.19
4324	https://www.nikkei.com/nkd/company/?scode=4324	サービス	4165	（株）電通グループ		12950498	45.7	181	12012.2765	288410000	〒105-7050	東京都港区東新橋１－８－１	https://www.group.dentsu.com/jp/	3,088.16
4689	https://www.nikkei.com/nkd/company/?scode=4689	サービス	434.0	Ｚホールディングス（株）		10795485	42	243	32967.38023474	7596170561	〒102-8282	東京都千代田区紀尾井町１－３	https://www.z-holdings.co.jp/	358.25
4704	https://www.nikkei.com/nkd/company/?scode=4704	サービス	7220	トレンドマイクロ（株）	267000	9418723	40	792	10164.9733088	140789104	〒151-0053	東京都渋谷区代々木２－１－１	http://www.trendmicro.co.jp/	1,568.52
4751	https://www.nikkei.com/nkd/company/?scode=4751	サービス	1369	（株）サイバーエージェント	4080000	7711000	34.1	1702	6923.120616	505706400	〒150-0042	東京都渋谷区宇田川町４０－１	http://www.cyberagent.co.jp/	254.98
4755	https://www.nikkei.com/nkd/company/?scode=4755	サービス	629	楽天グループ（株）	300000	7741773	34.3	7744	9983.347104	1587177600	〒158-0094	東京都世田谷区玉川１－１４－１	https://corp.rakuten.co.jp/	691.47
6098	https://www.nikkei.com/nkd/company/?scode=6098	サービス	4178	（株）リクルートホールディングス	309357	9505870	38.7	138	70857.2100534	1695960030	〒100-6640	東京都千代田区丸の内１－９－２	http://www.recruit.jp/	847.45
6178	https://www.nikkei.com/nkd/company/?scode=6178	サービス	969.8	日本郵政（株）	238000	7885000	44.3	2039	35473.3220946	3657797700	〒100-8791	東京都千代田区大手町２－３－１	http://www.japanpost.jp/	3,361.06
7974	https://www.nikkei.com/nkd/company/?scode=7974	サービス	58420	任天堂（株）	233000	9710405	39.6	2498	75869.4698	129869000	〒601-8501	京都市南区上鳥羽鉾立町１１－１	http://www.nintendo.co.jp/	17,635.60
9602	https://www.nikkei.com/nkd/company/?scode=9602	サービス	4925	東宝（株）	225600	8805304	39.5	352	9184.66367525	186490633	〒100-8415	東京都千代田区有楽町１－２－２	http://www.toho.co.jp/	2,241.23
9735	https://www.nikkei.com/nkd/company/?scode=9735	サービス	8691	セコム（株）	253300	5915188	43.2	16290	20275.93343859	233298049	〒150-0001	東京都渋谷区神宮前１－５－１	http://www.secom.co.jp/	5,147.30
9766	https://www.nikkei.com/nkd/company/?scode=9766	サービス	7250	コナミグループ（株）	240000	6837987	38.1	115	10403.75	143500000	〒104-0061	東京都中央区銀座１－１１－１	https://www.konami.com/ja/	2,605.63
1605	https://www.nikkei.com/nkd/company/?scode=1605	鉱業	1338	（株）ＩＮＰＥＸ	248243	9266312	39.8	1380	18553.60670784	1386667168	〒107-6332	東京都港区赤坂５－３－１	https://www.inpex.co.jp/	2,253.17
3101	https://www.nikkei.com/nkd/company/?scode=3101	繊維	1008	東洋紡（株）	217000	6294936	41.3	3365	897.61182336	89048792	〒530-8320	大阪市北区堂島浜２－２－８	http://www.toyobo.co.jp/	2,192.17
3103	https://www.nikkei.com/nkd/company/?scode=3103	繊維	232	ユニチカ（株）	212100	5583214	41	1378	134.03993488	57775834	〒541-8566	大阪市中央区久太郎町４－１－３	http://www.unitika.co.jp/	303.57
3401	https://www.nikkei.com/nkd/company/?scode=3401	繊維	1418	帝人（株）	233600	7296000	43.5	2880	2806.98356526	197953707	〒100-8585	東京都千代田区霞が関３－２－１	http://www.teijin.co.jp/	2,288.05
3402	https://www.nikkei.com/nkd/company/?scode=3402	繊維	752.0	東レ（株）	223500	6719000	39	7420	12268.74015056	1631481403	〒103-8666	東京都中央区日本橋室町２－１－１	http://www.toray.co.jp/	878.10
3861	https://www.nikkei.com/nkd/company/?scode=3861	パルプ・紙	560	王子ホールディングス（株）	222800	8414530	44.7	356	5680.5381752	1014381817	〒104-0061	東京都中央区銀座４－７－５	http://www.ojiholdings.co.jp/	859.29
3863	https://www.nikkei.com/nkd/company/?scode=3863	パルプ・紙	964	日本製紙（株）	222100	6575928	42.9	5329	1120.69715888	116254892	〒101-0062	東京都千代田区神田駿河台４－６	http://www.nipponpapergroup.com/	3,695.31
3405	https://www.nikkei.com/nkd/company/?scode=3405	化学	1059	（株）クラレ	241800	7047455	41.6	4212	3758.00555577	354863603	〒100-0004	東京都千代田区大手町２－６－４	http://www.kuraray.co.jp/	1,627.84
3407	https://www.nikkei.com/nkd/company/?scode=3407	化学	1047.0	旭化成（株）	240920	7507000	41.5	8524	14594.46837504	1393932032	〒100-0006	東京都千代田区有楽町１－１－２	http://www.asahi-kasei.co.jp/	1,216.33
4004	https://www.nikkei.com/nkd/company/?scode=4004	化学	2201	昭和電工（株）	230000	7212223	41.1	3298	4069.67743692	184901292	〒105-8518	東京都港区芝大門１－１３－９	http://www.sdk.co.jp/	2,838.51
4005	https://www.nikkei.com/nkd/company/?scode=4005	化学	525	住友化学（株）	234800	8557134	41	6277	8691.09242925	1655446177	〒103-6020	東京都中央区日本橋２－７－１	http://www.sumitomo-chem.co.jp/	745.03
4021	https://www.nikkei.com/nkd/company/?scode=4021	化学	6510	日産化学（株）	242500	8065921	40	1924	9244.2	142000000	〒103-6119	東京都中央区日本橋２－５－１	http://www.nissanchem.co.jp/	1,454.01
4042	https://www.nikkei.com/nkd/company/?scode=4042	化学	1701	東ソー（株）	231146	7631000	38.8	3683	5529.62706156	325080956	〒105-8623	東京都港区芝３－８－２	http://www.tosoh.co.jp/	2,227.84
4043	https://www.nikkei.com/nkd/company/?scode=4043	化学	1747	（株）トクヤマ	234000	7358747	41.5	2256	1259.38307269	72088327	〒101-8618	東京都千代田区外神田１－７－５	http://www.tokuyama.co.jp/	3,120.25
4061	https://www.nikkei.com/nkd/company/?scode=4061	化学	3335	デンカ（株）	232070	7039795	40.5	4166	2953.337264	88555840	〒103-8338	東京都中央区日本橋室町２－１－１	http://www.denka.co.jp/	3,345.34
4063	https://www.nikkei.com/nkd/company/?scode=4063	化学	16025	信越化学工業（株）	242000	8488000	42.2	3238	66770.21257825	416662793	〒100-0005	東京都千代田区丸の内１－４－１	http://www.shinetsu.co.jp/	8,007.24
4183	https://www.nikkei.com/nkd/company/?scode=4183	化学	2826	三井化学（株）	233000	8376088	41	4659	5783.5026819	204653315	〒105-7122	東京都港区東新橋１－５－２	http://jp.mitsuichem.com	3,688.00
4188	https://www.nikkei.com/nkd/company/?scode=4188	化学	736.4	三菱ケミカルグループ（株）		10114623	45.6	201	11092.305619948	1506288107	〒100-8251	東京都千代田区丸の内１－１－１	http://www.mitsubishichem-hd.co.jp/	1,026.03
4208	https://www.nikkei.com/nkd/company/?scode=4208	化学	2013	ＵＢＥ（株）	230000	6982162	41.7	3318	2137.80815391	106200107	〒105-8449	東京都港区芝浦１－２－１	https://www.ube.co.jp/ube/jp/	3,813.16
4452	https://www.nikkei.com/nkd/company/?scode=4452	化学	5790	花王（株）	223100	7893000	40.5	8508	27502.5	475000000	〒103-8210	東京都中央区日本橋茅場町１－１４－１０	http://www.kao.com/jp/	2,036.66
4631	https://www.nikkei.com/nkd/company/?scode=4631	化学	2434	ＤＩＣ（株）	224110	7598167	43.9	3681	2316.11904336	95156904	〒103-8233	東京都中央区日本橋３－７－２０	https://www.dic-global.com/	3,654.61
4901	https://www.nikkei.com/nkd/company/?scode=4901	化学	7632	富士フイルムホールディングス（株）	238000	9701348	45.5	633	39276.23556096	514625728	〒107-0052	東京都港区赤坂９－７－３	http://www.fujifilmholdings.com/	6,244.29
4911	https://www.nikkei.com/nkd/company/?scode=4911	化学	5577	（株）資生堂	215000	7058131	38.9	4260	22308.0	400000000	〒105-8310	東京都港区東新橋１－６－２	http://www.shiseido.co.jp/	1,364.28
6988	https://www.nikkei.com/nkd/company/?scode=6988	化学	8630	日東電工（株）	230000	7340000	40.4	5870	12924.1523364	149758428	〒530-0011	大阪市北区大深町４－２０	http://www.nitto.co.jp/	5,548.09
5019	https://www.nikkei.com/nkd/company/?scode=5019	石油	3135	出光興産（株）	247000	8556466	43	5192	9338.0589093	297864718	〒100-8321	東京都千代田区大手町１－２－１	http://www.idemitsu.co.jp/	4,749.70
5020	https://www.nikkei.com/nkd/company/?scode=5020	石油	493.8	ＥＮＥＯＳホールディングス（株）		10354450	44.6	818	15951.135720762	3230282649	〒100-8161	東京都千代田区大手町１－１－２	https://www.hd.eneos.co.jp/	890.88
5101	https://www.nikkei.com/nkd/company/?scode=5101	ゴム	1912	横浜ゴム（株）	218500	6312000	41	5257	3241.77842872	169549081	〒105-8685	東京都港区新橋５－３６－１１	http://www.yrc.co.jp/	3,275.98
5108	https://www.nikkei.com/nkd/company/?scode=5108	ゴム	4993	（株）ブリヂストン	234200	7301000	41	14745	35634.95217453	713698221	〒104-8340	東京都中央区京橋３－１－１	http://www.bridgestone.co.jp/	3,734.23
5201	https://www.nikkei.com/nkd/company/?scode=5201	窯業	4755	ＡＧＣ（株）	230736	8004019	43.4	7223	10814.83766655	227441381	〒100-8405	東京都千代田区丸の内１－５－１	http://www.agc.com	5,930.27
5202	https://www.nikkei.com/nkd/company/?scode=5202	窯業	381	日本板硝子（株）		7286289	45.1	1934	346.90011519	91049899	〒108-6321	東京都港区三田３－５－２７	http://www.nsg.co.jp/	1,255.96
5214	https://www.nikkei.com/nkd/company/?scode=5214	窯業	2603	日本電気硝子（株）	225000	7484000	45.5	1682	2590.59009338	99523246	〒520-8639	滋賀県大津市晴嵐２－７－１	http://www.neg.co.jp/	5,321.77
5232	https://www.nikkei.com/nkd/company/?scode=5232	窯業	3575	住友大阪セメント（株）	213600	6972647	41.8	1203	1227.28023275	34329517	〒102-8465	東京都千代田区六番町６－２８	http://www.soc.co.jp/	5,778.40
5233	https://www.nikkei.com/nkd/company/?scode=5233	窯業	1978	太平洋セメント（株）	223000	7280071	40.7	1838	2412.86484284	121985078	〒112-8503	東京都文京区小石川１－１－１	http://www.taiheiyo-cement.co.jp/	4,362.23
5301	https://www.nikkei.com/nkd/company/?scode=5301	窯業	1031	東海カーボン（株）	217200	6603646	41.8	760	2319.16340224	224943104	〒107-8636	東京都港区北青山１－２－３	http://www.tokaicarbon.co.jp/	1,075.19
5332	https://www.nikkei.com/nkd/company/?scode=5332	窯業	4570	ＴＯＴＯ（株）	228000	6699766	43.5	8158	8088.0452729	176981297	〒802-8601	北九州市小倉北区中島２－１－１	http://www.toto.co.jp/	2,391.35
5333	https://www.nikkei.com/nkd/company/?scode=5333	窯業	1822	日本碍子（株）	222900	7635830	39.2	4316	5779.60256712	317211996	〒467-8530	名古屋市瑞穂区須田町２－５６	http://www.ngk.co.jp/	1,871.22
5401	https://www.nikkei.com/nkd/company/?scode=5401	鉄鋼	1886.5	日本製鉄（株）	213000	4940322	37.2	29579	17927.81324873	950321402	〒100-8071	東京都千代田区丸の内２－６－１	https://www.nipponsteel.com/	3,764.69
5406	https://www.nikkei.com/nkd/company/?scode=5406	鉄鋼	604	（株）神戸製鋼所	223560	5206000	38.9	11837	2393.92961652	396345963	〒651-8585	神戸市中央区脇浜海岸通２－２－４	http://www.kobelco.co.jp/	2,066.48
5411	https://www.nikkei.com/nkd/company/?scode=5411	鉄鋼	1424	ＪＦＥホールディングス（株）	227000	9660000	45.1	52	8749.60280176	614438399	〒100-0011	東京都千代田区内幸町２－２－３	http://www.jfe-holdings.co.jp/	3,452.82
5541	https://www.nikkei.com/nkd/company/?scode=5541	鉄鋼	2312	大平洋金属（株）		6009000	39.8	415	452.62188152	19577071	〒031-8617	青森県八戸市大字河原木字遠山新田５－２	http://www.pacific-metals.co.jp/	4,095.12
3436	https://www.nikkei.com/nkd/company/?scode=3436	非鉄・金属	1739	（株）ＳＵＭＣＯ	225000	6557425	43.6	4168	6089.54566721	350175139	〒105-8634	東京都港区芝浦１－２－１	http://www.sumcosi.com/	1,359.77
5703	https://www.nikkei.com/nkd/company/?scode=5703	非鉄・金属	1505	日本軽金属ホールディングス（株）	217000	10118354	54.8	26	933.0059375	61993750	〒105-8681	東京都港区新橋１－１－１３	http://www.nikkeikinholdings.co.jp/	3,281.17
5706	https://www.nikkei.com/nkd/company/?scode=5706	非鉄・金属	3040	三井金属鉱業（株）	230000	7114008	41.9	2069	1742.2263408	57310077	〒141-8584	東京都品川区大崎１－１１－１	http://www.mitsui-kinzoku.co.jp/	4,196.37
5707	https://www.nikkei.com/nkd/company/?scode=5707	非鉄・金属	2093	東邦亜鉛（株）	232000	5188000	42.1	708	284.34495453	13585521	〒100-8207	東京都千代田区丸の内１－８－２	http://www.toho-zinc.co.jp/	3,385.23
5711	https://www.nikkei.com/nkd/company/?scode=5711	非鉄・金属	1872	三菱マテリアル（株）	223000	6573000	41.8	6153	2461.4840952	131489535	〒100-8117	東京都千代田区丸の内３－２－３	http://www.mmc.co.jp/	4,476.52
5713	https://www.nikkei.com/nkd/company/?scode=5713	非鉄・金属	3843	住友金属鉱山（株）	229950	7952000	42.7	2433	11175.98259645	290814015	〒105-8716	東京都港区新橋５－１１－３	http://www.smm.co.jp/	5,260.15
5714	https://www.nikkei.com/nkd/company/?scode=5714	非鉄・金属	4390	ＤＯＷＡホールディングス（株）	222000	7941000	43.8	84	2721.3261434	61989206	〒101-0021	東京都千代田区外神田４－１４－１	http://www.dowa.co.jp/	5,267.94
5801	https://www.nikkei.com/nkd/company/?scode=5801	非鉄・金属	2235	古河電気工業（株）	219530	6915840	43.6	4084	1579.40559495	70666917	〒100-8322	東京都千代田区大手町２－６－４	http://www.furukawa.co.jp/	3,967.08
5802	https://www.nikkei.com/nkd/company/?scode=5802	非鉄・金属	1448.5	住友電気工業（株）	228300	7780000	41.7	6136	11500.229170935	793940571	〒541-0041	大阪市中央区北浜４－５－３３	http://www.sei.co.jp/	2,269.31
5803	https://www.nikkei.com/nkd/company/?scode=5803	非鉄・金属	730	（株）フジクラ	218500	6386000	42	2599	2159.8029733	295863421	〒135-8512	東京都江東区木場１－５－１	http://www.fujikura.co.jp/	799.76
2768	https://www.nikkei.com/nkd/company/?scode=2768	商社	1898	双日（株）	260000	10958725	41.5	2551	4750.692102	250299900	〒100-8691	東京都千代田区内幸町２－１－１	http://www.sojitz.com/jp/	3,153.90
8001	https://www.nikkei.com/nkd/company/?scode=8001	商社	3792	伊藤忠商事（株）	255000	16278110	42	4215	60099.00999168	1584889504	〒530-8448	大阪市北区梅田３－１－３	http://www.itochu.co.jp/	2,857.50
8002	https://www.nikkei.com/nkd/company/?scode=8002	商社	1169.0	丸紅（株）	255000	11921966	42.2	4389	20078.66797993	1717593497	〒100-8088	東京都千代田区大手町１－４－２	https://www.marubeni.com/jp/	1,217.00
8015	https://www.nikkei.com/nkd/company/?scode=8015	商社	4290	豊田通商（株）	235000	11000896	42.4	2692	15189.0245364	354056516	〒450-8575	名古屋市中村区名駅４－９－８	http://www.toyota-tsusho.com/	4,931.17
8031	https://www.nikkei.com/nkd/company/?scode=8031	商社	2803.0	三井物産（株）		14825000	42.1	5587	46035.22870132	1642355644	〒100-8631	東京都千代田区大手町１－２－１	http://www.mitsui.com/jp/ja/	3,501.21
8053	https://www.nikkei.com/nkd/company/?scode=8053	商社	1836.0	住友商事（株）	255000	13563685	42.7	5240	22975.78417812	1251404367	〒100-8601	東京都千代田区大手町２－３－２	http://www.sumitomocorp.co.jp/	2,558.24
8058	https://www.nikkei.com/nkd/company/?scode=8058	商社	3795	三菱商事（株）	255000	16783874	42.7	5725	56383.20117045	1485723351	〒100-8086	東京都千代田区丸の内２－３－１	http://www.mitsubishicorp.com/	4,659.68
1721	https://www.nikkei.com/nkd/company/?scode=1721	建設	2582	コムシスホールディングス（株）		8958400	51.1	90	3640.62	141000000	〒141-8647	東京都品川区東五反田２－１７－１	http://www.comsys-hd.co.jp/	2,761.15
1801	https://www.nikkei.com/nkd/company/?scode=1801	建設	4210	大成建設（株）	250000	9850653	42.9	8572	8453.8219612	200803372	〒163-0606	東京都新宿区西新宿１－２５－１	http://www.taisei.co.jp/	4,335.78
1802	https://www.nikkei.com/nkd/company/?scode=1802	建設	960	（株）大林組	245000	10320957	42.6	8918	6926.4926016	721509646	〒108-8502	東京都港区港南２－１５－２	http://www.obayashi.co.jp/	1,333.10
1803	https://www.nikkei.com/nkd/company/?scode=1803	建設	749	清水建設（株）	245000	9712000	42.8	10494	5905.97445137	788514613	〒104-8370	東京都中央区京橋２－１６－１	http://www.shimz.co.jp/	1,116.89
1808	https://www.nikkei.com/nkd/company/?scode=1808	建設	1563	（株）長谷工コーポレーション	250000	9237797	41.3	2437	4701.41642511	300794397	〒105-8507	東京都港区芝２－３２－１	http://www.haseko.co.jp/	1,520.73
1812	https://www.nikkei.com/nkd/company/?scode=1812	建設	1506	鹿島建設（株）	245000	11351777	44.1	7989	7961.55952566	528656011	〒107-8388	東京都港区元赤坂１－３－１	http://www.kajima.co.jp/	1,920.45
1925	https://www.nikkei.com/nkd/company/?scode=1925	建設	3230	大和ハウス工業（株）	220000	8678248	39.1	16417	21519.4940215	666238205	〒530-8241	大阪市北区梅田３－３－５	http://www.daiwahouse.co.jp/	3,081.07
1928	https://www.nikkei.com/nkd/company/?scode=1928	建設	2336.5	積水ハウス（株）	215000	7995230	43.3	15017	15997.62918309	684683466	〒531-0076	大阪市北区大淀中１－１－８８	http://www.sekisuihouse.co.jp/	2,184.36
1963	https://www.nikkei.com/nkd/company/?scode=1963	建設	1632	日揮ホールディングス（株）	220000	8409159	44.4	278	4232.37465024	259336682	〒220-6001	横浜市西区みなとみらい２－３－１	https://www.jgc.com/jp/	1,532.72
5631	https://www.nikkei.com/nkd/company/?scode=5631	機械	2995	（株）日本製鋼所	221500	6433000	39.7	1846	2227.47928675	74373265	〒141-0032	東京都品川区大崎１－１１－１	http://www.jsw.co.jp/	2,031.29
6103	https://www.nikkei.com/nkd/company/?scode=6103	機械	4975	オークマ（株）	217000	5716000	38.7	2307	1679.3189115	33755154	〒480-0193	愛知県丹羽郡大口町下小口５－２５－１	https://www.okuma.co.jp/	5,894.84
6113	https://www.nikkei.com/nkd/company/?scode=6113	機械	1000	（株）アマダ	217200	6465000	43.2	2676	3591.15217	359115217	〒259-1196	神奈川県伊勢原市石田２００	https://www.amada.co.jp/ja/	1,380.05
6301	https://www.nikkei.com/nkd/company/?scode=6301	機械	2907.0	（株）小松製作所	223500	7186395	39.8	11795	28289.348406	973145800	〒107-8414	東京都港区赤坂２－３－６	http://www.komatsu.co.jp/	2,361.66
6302	https://www.nikkei.com/nkd/company/?scode=6302	機械	2878	住友重機械工業（株）	222690	7713000	42.4	3356	3537.21974318	122905481	〒141-6025	東京都品川区大崎２－１－１	http://www.shi.co.jp/	4,501.11
6305	https://www.nikkei.com/nkd/company/?scode=6305	機械	2811	日立建機（株）	233500	7028000	39.9	5455	6046.88371818	215115038	〒110-0015	東京都台東区東上野２－１６－１	http://www.hitachi-kenki.co.jp/	2,876.11
6326	https://www.nikkei.com/nkd/company/?scode=6326	機械	2049.5	（株）クボタ	237000	7942028	40.4	11711	24599.05910877	1200246846	〒556-8601	大阪市浪速区敷津東１－２－４７	http://www.kubota.co.jp/	1,398.41
6361	https://www.nikkei.com/nkd/company/?scode=6361	機械	4950	（株）荏原製作所	214000	7570528	43.9	4103	4556.9261925	92059115	〒144-8510	東京都大田区羽田旭町１１－１	http://www.ebara.co.jp	3,395.50
6367	https://www.nikkei.com/nkd/company/?scode=6367	機械	22160	ダイキン工業（株）	235000	7281144	39	7732	64954.0564168	293113973	〒530-8323	大阪市北区中崎西２－４－１２	http://www.daikin.co.jp/	6,729.73
6471	https://www.nikkei.com/nkd/company/?scode=6471	機械	714	日本精工（株）	222000	6852104	41.2	7974	3936.05426256	551268104	〒141-8560	東京都品川区大崎１－６－３	https://www.nsk.com/jp/	1,204.63
6472	https://www.nikkei.com/nkd/company/?scode=6472	機械	244	ＮＴＮ（株）	220300	6346183	41.4	5948	1299.21100588	532463527	〒550-0003	大阪市西区京町堀１－３－１７	http://www.ntn.co.jp/	372.70
6473	https://www.nikkei.com/nkd/company/?scode=6473	機械	993	（株）ジェイテクト	208000	6443175	39.9	12032	3408.83302851	343286307	〒448-8652	愛知県刈谷市朝日町１－１	http://www.jtekt.co.jp/	1,819.47
7004	https://www.nikkei.com/nkd/company/?scode=7004	機械	812	日立造船（株）	215000	6836061	42.6	4105	1382.14452516	170214843	〒559-8559	大阪市住之江区南港北１－７－８９	http://www.hitachizosen.co.jp/	779.08
7011	https://www.nikkei.com/nkd/company/?scode=7011	機械	4773	三菱重工業（株）	215000	8598800	41.3	14553	16102.42099713	337364781	〒100-8332	東京都千代田区丸の内３－２－３	http://www.mhi.co.jp/	4,696.42
7013	https://www.nikkei.com/nkd/company/?scode=7013	機械	3510	（株）ＩＨＩ	216900	7658177	39.4	7796	5429.2663854	154679954	〒135-8710	東京都江東区豊洲３－１－１	http://www.ihi.co.jp/	2,526.33
7003	https://www.nikkei.com/nkd/company/?scode=7003	造船	330	（株）三井Ｅ＆Ｓホールディングス	215000	6591546	45.2	38	338.7806961	102660817	〒104-8439	東京都中央区築地５－６－４	http://www.mes.co.jp/	706.06
7012	https://www.nikkei.com/nkd/company/?scode=7012	造船	2424	川崎重工業（株）	216900	6994041	39.4	17397	4070.424432	167921800	〒650-8680	神戸市中央区東川崎町１－１－３	http://www.khi.co.jp/	2,861.25
7832	https://www.nikkei.com/nkd/company/?scode=7832	その他製造	10005	（株）バンダイナムコホールディングス		11212000	45.7	25	22211.1	222000000	〒108-6302	東京都港区三田３－５－２７	http://www.bandainamco.co.jp/	2,654.81
7911	https://www.nikkei.com/nkd/company/?scode=7911	その他製造	2182	凸版印刷（株）	225000	6775518	42.8	10730	7630.5901568	349706240	〒101-0024	東京都千代田区神田和泉町１	http://www.toppan.co.jp/	4,089.58
7912	https://www.nikkei.com/nkd/company/?scode=7912	その他製造	2794	大日本印刷（株）	223000	7663346	42.8	10328	8863.69526724	317240346	〒162-8001	東京都新宿区市谷加賀町１－１－１	http://www.dnp.co.jp/	4,057.97
7951	https://www.nikkei.com/nkd/company/?scode=7951	その他製造	5680	ヤマハ（株）	217000	8849246	44.5	2389	10638.64	187300000	〒430-8650	浜松市中区中沢町１０－１	http://jp.yamaha.com/	2,417.89
3289	https://www.nikkei.com/nkd/company/?scode=3289	不動産	693	東急不動産ホールディングス（株）		10710000	42.5	74	4988.42864982	719830974	〒150-0043	東京都渋谷区道玄坂１－２１－１	http://www.tokyu-fudosan-hd.co.jp	878.32
8801	https://www.nikkei.com/nkd/company/?scode=8801	不動産	2854.0	三井不動産（株）	255000	12737000	40.8	1776	27215.51131338	953591847	〒103-0022	東京都中央区日本橋室町２－１－１	http://www.mitsuifudosan.co.jp/	2,942.11
8802	https://www.nikkei.com/nkd/company/?scode=8802	不動産	1951.0	三菱地所（株）	260000	12675663	40.7	953	27147.74955406	1391478706	〒100-8133	東京都千代田区大手町１－１－１	http://www.mec.co.jp/	1,514.58
8804	https://www.nikkei.com/nkd/company/?scode=8804	不動産	1913	東京建物（株）	250500	10089000	42.2	725	4001.37760362	209167674	〒103-8285	東京都中央区八重洲１－４－１６	http://www.tatemono.com/	1,996.52
8830	https://www.nikkei.com/nkd/company/?scode=8830	不動産	3460	住友不動産（株）	250000	6690574	43.2	5877	16472.5748388	476085978	〒163-0820	東京都新宿区西新宿２－４－１	http://www.sumitomo-rd.co.jp/	3,447.81
9001	https://www.nikkei.com/nkd/company/?scode=9001	鉄道・バス	2993	東武鉄道（株）	218500	6698182	46.9	3531	6279.77555053	209815421	〒131-8522	東京都墨田区押上２－１８－１２	http://www.tobu.co.jp/	2,169.34
9005	https://www.nikkei.com/nkd/company/?scode=9005	鉄道・バス	1529	東急（株）	218700	7627305	42.5	1461	9554.26040404	624869876	〒150-8511	東京都渋谷区南平台町５－６	https://www.tokyu.co.jp/	1,167.07
9007	https://www.nikkei.com/nkd/company/?scode=9007	鉄道・バス	1816	小田急電鉄（株）	215000	7203661	40.3	3760	6691.91854072	368497717	〒160-8309	東京都新宿区西新宿１－８－３	http://www.odakyu.jp/	954.58
9008	https://www.nikkei.com/nkd/company/?scode=9008	鉄道・バス	4905	京王電鉄（株）	218000	6804893	40.7	2531	6305.4182115	128550830	〒206-8502	東京都多摩市関戸１－９－１	http://www.keio.co.jp/	2,803.64
9009	https://www.nikkei.com/nkd/company/?scode=9009	鉄道・バス	3440	京成電鉄（株）	214000	7149562	40.8	1828	5930.944764	172411185	〒272-8510	千葉県市川市八幡３－３－１	http://www.keisei.co.jp/	2,194.00
9020	https://www.nikkei.com/nkd/company/?scode=9020	鉄道・バス	6635	東日本旅客鉄道（株）	225630	6735577	38.2	44137	25075.81474	377932400	〒151-8578	東京都渋谷区代々木２－２－２	http://www.jreast.co.jp/	6,348.57
9021	https://www.nikkei.com/nkd/company/?scode=9021	鉄道・バス	4676	西日本旅客鉄道（株）	209286	6117379	38.4	23900	11409.514816	244001600	〒530-8341	大阪市北区芝田２－４－２４	http://www.westjr.co.jp/	3,973.15
9022	https://www.nikkei.com/nkd/company/?scode=9022	鉄道・バス	14985	東海旅客鉄道（株）	237200	7137349	36.5	18499	30869.1	206000000	〒450-6101	名古屋市中村区名駅１－１－４	http://jr-central.co.jp	18,110.23
9064	https://www.nikkei.com/nkd/company/?scode=9064	陸運	2285	ヤマトホールディングス（株）	217700	9156207	40.7	389	8678.9987822	379824892	〒104-8125	東京都中央区銀座２－１６－１０	http://www.yamato-hd.co.jp/	1,611.34
9147	https://www.nikkei.com/nkd/company/?scode=9147	陸運	7060	ＮＩＰＰＯＮ　ＥＸＰＲＥＳＳホールディングス（株）			--		6396.305285	90599225	〒101-0024	東京都千代田区神田和泉町２	https://www.nipponexpress-holdings.com/	--
9101	https://www.nikkei.com/nkd/company/?scode=9101	海運	9180	日本郵船（株）	255500	9550090	39.9	1217	15611.0579964	170055098	〒100-0005	東京都千代田区丸の内２－３－２	http://www.nyk.com	10,144.29
9104	https://www.nikkei.com/nkd/company/?scode=9104	海運	2989	（株）商船三井	255000	10260129	37.9	1119	10816.76754837	361885833	〒105-8688	東京都港区虎ノ門２－１－１	http://www.mol.co.jp/	--
9107	https://www.nikkei.com/nkd/company/?scode=9107	海運	7620	川崎汽船（株）	214300	9067149	38.9	769	7219.9090806	94749463	〒100-8540	東京都千代田区内幸町２－１－１	http://www.kline.co.jp/	9,484.35
9202	https://www.nikkei.com/nkd/company/?scode=9202	空運	2394.5	ＡＮＡホールディングス（株）	218557	5637000	45.2	175	11596.409318145	484293561	〒105-7133	東京都港区東新橋１－５－２	http://www.anahd.co.jp/	1,695.06
9301	https://www.nikkei.com/nkd/company/?scode=9301	倉庫	3310	三菱倉庫（株）	217000	7870346	39.7	996	2712.9004609	81960739	〒103-8630	東京都中央区日本橋１－１９－１	http://www.mitsubishi-logistics.co.jp/	4,238.85
9501	https://www.nikkei.com/nkd/company/?scode=9501	電力	610	東京電力ホールディングス（株）	218000	8192027	45.3	7180	21636.8069391	3547017531	〒100-8560	東京都千代田区内幸町１－１－３	http://www.tepco.co.jp/	1,371.15
9502	https://www.nikkei.com/nkd/company/?scode=9502	電力	1363	中部電力（株）	214000	8492506	43.6	3092	10331.54	758000000	〒461-8680	名古屋市東区東新町１	http://www.chuden.co.jp/	2,667.66
9503	https://www.nikkei.com/nkd/company/?scode=9503	電力	1355	関西電力（株）	216000	8367409	43.1	8770	12719.8325294	938733028	〒530-8270	大阪市北区中之島３－６－１６	http://www.kepco.co.jp/	1,859.50
9531	https://www.nikkei.com/nkd/company/?scode=9531	ガス	2451	東京瓦斯（株）	202250	6671177	42.3	6882	10808.82566109	440996559	〒105-8527	東京都港区海岸１－５－２０	http://www.tokyo-gas.co.jp/	2,791.95
9532	https://www.nikkei.com/nkd/company/?scode=9532	ガス	2378	大阪瓦斯（株）	203000	6543988	43.9	3203	9908.6504	416680000	〒541-0046	大阪市中央区平野町４－１－２	http://www.osakagas.co.jp/	3,030.63
